{"cameraMode":{"drawMode":0,"name":"Shaded","section":"Shading Mode"},"sceneLighting":false,"audioPlay":false,"sceneViewState":{"m_AlwaysRefresh":false,"showFog":true,"showSkybox":false,"showFlares":true,"showImageEffects":true,"showParticleSystems":true,"showVisualEffectGraphs":true,"m_FxEnabled":true},"in2DMode":false,"pivot":{"x":3.1600000858306886,"y":0.5089188814163208,"z":-3.359999895095825},"rotation":{"x":0.07952038943767548,"y":-0.23400141298770905,"z":0.019206292927265168,"w":0.9687938094139099},"size":2.5734589099884035,"orthographic":true}