{"cameraMode":{"drawMode":0,"name":"Shaded","section":"Shading Mode"},"sceneLighting":false,"audioPlay":false,"sceneViewState":{"m_AlwaysRefresh":false,"showFog":true,"showSkybox":false,"showFlares":true,"showImageEffects":true,"showParticleSystems":true,"showVisualEffectGraphs":true,"m_FxEnabled":true},"in2DMode":false,"pivot":{"x":23.10794448852539,"y":4.831640243530273,"z":1.6865549087524415},"rotation":{"x":0.14672625064849854,"y":0.2536237835884094,"z":-0.03895357996225357,"w":0.9553175568580627},"size":23.362138748168947,"orthographic":true}