{"cameraMode":{"drawMode":0,"name":"Shaded","section":"Shading Mode"},"sceneLighting":false,"audioPlay":false,"sceneViewState":{"m_AlwaysRefresh":false,"showFog":true,"showSkybox":false,"showFlares":true,"showImageEffects":true,"showParticleSystems":true,"showVisualEffectGraphs":true,"m_FxEnabled":true},"in2DMode":false,"pivot":{"x":0.0000012218952178955079,"y":3.725290298461914e-8,"z":1.1920928955078126e-7},"rotation":{"x":0.24113067984580995,"y":-0.13572442531585694,"z":0.03407905250787735,"w":0.9603533744812012},"size":0.9901050329208374,"orthographic":true}