{"cameraMode":{"drawMode":0,"name":"Shaded","section":"Shading Mode"},"sceneLighting":true,"audioPlay":false,"sceneViewState":{"m_AlwaysRefresh":false,"showFog":true,"showSkybox":true,"showFlares":true,"showImageEffects":true,"showParticleSystems":true,"showVisualEffectGraphs":true,"m_FxEnabled":true},"in2DMode":false,"pivot":{"x":11.036808013916016,"y":0.029999732971191407,"z":0.40022945404052737},"rotation":{"x":0.38887500762939455,"y":-0.21782197058200837,"z":0.09516429156064987,"w":0.8900989294052124},"size":9.899866104125977,"orthographic":true}