{"cameraMode":{"drawMode":0,"name":"Shaded","section":"Shading Mode"},"sceneLighting":true,"audioPlay":false,"sceneViewState":{"m_AlwaysRefresh":false,"showFog":true,"showSkybox":true,"showFlares":true,"showImageEffects":true,"showParticleSystems":true,"showVisualEffectGraphs":true,"m_FxEnabled":true},"in2DMode":false,"pivot":{"x":-0.9287707805633545,"y":-0.11021149903535843,"z":-3.172391414642334},"rotation":{"x":0.2754554748535156,"y":-0.35248085856437685,"z":0.10938199609518051,"w":0.8876479268074036},"size":9.339646339416504,"orthographic":true}