{"cameraMode":{"drawMode":0,"name":"Shaded","section":"Shading Mode"},"sceneLighting":true,"audioPlay":false,"sceneViewState":{"m_AlwaysRefresh":false,"showFog":true,"showSkybox":true,"showFlares":true,"showImageEffects":true,"showParticleSystems":true,"showVisualEffectGraphs":true,"m_FxEnabled":true},"in2DMode":false,"pivot":{"x":5.383337020874023,"y":7.922452926635742,"z":-3.7293612957000734},"rotation":{"x":0.38887500762939455,"y":-0.21782197058200837,"z":0.09516429156064987,"w":0.8900989294052124},"size":25.919809341430665,"orthographic":true}